method,task,seed,affordance_ap,counterfactual_recall,calibration_error,support_error,semantic_violation,task_success,invalid_action,damage,planning_regret,probe_cost,recovery_success,episodes
full_counterfactual_affordance,cluttered_pick_and_place,0,0.35019841269841273,0.0,0.5197947749229097,0.15053912190793883,0.0,0.42857142857142855,0.20238095238095238,0.07981226063652176,0.02496876804582408,0.02,0.4166666666666667,84
full_counterfactual_affordance,cluttered_pick_and_place,1,0.2702380952380952,0.011904761904761904,0.5273724712176616,0.17153180548882943,0.0,0.34523809523809523,0.27380952380952384,0.0872925176893991,0.03569448789273143,0.02,0.36904761904761907,84
full_counterfactual_affordance,cluttered_pick_and_place,2,0.26825396825396824,0.0,0.5231107084096396,0.1631917778784023,0.0,0.39285714285714285,0.38095238095238093,0.09868142575426407,0.02569237872936424,0.02,0.34523809523809523,84
full_counterfactual_affordance,cluttered_pick_and_place,3,0.4097222222222222,0.023809523809523808,0.5097726743837523,0.15570323364981126,0.0,0.4523809523809524,0.2857142857142857,0.08656269814048805,0.023004269446721903,0.02,0.4523809523809524,84
full_counterfactual_affordance,cluttered_pick_and_place,4,0.2926587301587302,0.0,0.5186860863987774,0.16416539629416538,0.0,0.40476190476190477,0.36904761904761907,0.09746720977877413,0.04546860710223388,0.02,0.32142857142857145,84
full_counterfactual_affordance,cluttered_pick_and_place,5,0.25188492063492063,0.023809523809523808,0.5180831705373271,0.15490593939779845,0.0,0.42857142857142855,0.2857142857142857,0.08900146546349481,0.0281593589170439,0.02,0.36904761904761907,84
full_counterfactual_affordance,cluttered_pick_and_place,6,0.3055555555555555,0.011904761904761904,0.5187846728543496,0.18196974935225615,0.0,0.39285714285714285,0.2976190476190476,0.09140626045325739,0.03546752629363535,0.02,0.38095238095238093,84
full_counterfactual_affordance,occluded_container_opening,0,0.19345238095238096,0.03571428571428571,0.5279167284661579,0.15612236768173715,0.08333333333333333,0.40476190476190477,0.23809523809523808,0.10379396401001657,0.032251477825303514,0.02,0.44047619047619047,84
full_counterfactual_affordance,occluded_container_opening,1,0.16071428571428573,0.03571428571428571,0.5251884168455321,0.1332585827013625,0.047619047619047616,0.38095238095238093,0.23809523809523808,0.10558930931131003,0.023308209514355145,0.02,0.2619047619047619,84
full_counterfactual_affordance,occluded_container_opening,2,0.24841269841269842,0.011904761904761904,0.526511010518165,0.16553251938338343,0.13095238095238096,0.38095238095238093,0.23809523809523808,0.11264470710874168,0.03594733576718342,0.02,0.2857142857142857,84
full_counterfactual_affordance,occluded_container_opening,3,0.20277777777777775,0.0,0.5241497835966251,0.16413489187198896,0.16666666666666666,0.42857142857142855,0.3333333333333333,0.12685445423390668,0.03240420104647618,0.02,0.39285714285714285,84
full_counterfactual_affordance,occluded_container_opening,4,0.13333333333333333,0.023809523809523808,0.5296113907292319,0.15870715567368288,0.17857142857142858,0.2857142857142857,0.3333333333333333,0.12706511370565604,0.028290920710078375,0.02,0.3333333333333333,84
full_counterfactual_affordance,occluded_container_opening,5,0.19246031746031747,0.0,0.5260735005947866,0.1518051626604866,0.07142857142857142,0.34523809523809523,0.2857142857142857,0.11562577070011901,0.03259530786243956,0.02,0.34523809523809523,84
full_counterfactual_affordance,occluded_container_opening,6,0.19940476190476192,0.011904761904761904,0.5254029537718028,0.1529782305667236,0.13095238095238096,0.34523809523809523,0.2976190476190476,0.11426894230853415,0.031386881768017974,0.02,0.39285714285714285,84
full_counterfactual_affordance,support_sensitive_stacking,0,0.16468253968253968,0.011904761904761904,0.5225372700319502,0.16077396181147877,0.0,0.36904761904761907,0.32142857142857145,0.13476947585143023,0.03553428065111092,0.02,0.42857142857142855,84
full_counterfactual_affordance,support_sensitive_stacking,1,0.14583333333333334,0.0,0.5214142181100966,0.1505014728216892,0.0,0.35714285714285715,0.30952380952380953,0.13645992559389317,0.03537154421418451,0.02,0.42857142857142855,84
full_counterfactual_affordance,support_sensitive_stacking,2,0.09920634920634919,0.0,0.5284875176074709,0.1611838373028892,0.0,0.32142857142857145,0.27380952380952384,0.13344745288521168,0.032117940884796435,0.02,0.3333333333333333,84
full_counterfactual_affordance,support_sensitive_stacking,3,0.10714285714285714,0.0,0.5339370981300994,0.17231519052603372,0.0,0.2976190476190476,0.3333333333333333,0.1417142722954518,0.038170132758815006,0.02,0.47619047619047616,84
full_counterfactual_affordance,support_sensitive_stacking,4,0.15476190476190477,0.011904761904761904,0.5227654372855934,0.16460946529153253,0.0,0.34523809523809523,0.2976190476190476,0.13242000010479524,0.02972963353863127,0.02,0.38095238095238093,84
full_counterfactual_affordance,support_sensitive_stacking,5,0.11706349206349206,0.0,0.5298918709843503,0.1695310159737196,0.0,0.35714285714285715,0.3333333333333333,0.14472161443629594,0.03645908988590628,0.02,0.3333333333333333,84
full_counterfactual_affordance,support_sensitive_stacking,6,0.16071428571428573,0.011904761904761904,0.5304603271594198,0.15820063213417007,0.0,0.40476190476190477,0.2261904761904762,0.13101197186067348,0.03457578300939896,0.02,0.42857142857142855,84
full_counterfactual_affordance,tool_regrasp_for_use,0,0.2787698412698413,0.011904761904761904,0.5288799966939987,0.15053754247570966,0.08333333333333333,0.36904761904761907,0.2261904761904762,0.07299876395551895,0.021682184352057526,0.02,0.40476190476190477,84
full_counterfactual_affordance,tool_regrasp_for_use,1,0.19246031746031744,0.011904761904761904,0.5351660114807826,0.15664195757882085,0.17857142857142858,0.44047619047619047,0.2619047619047619,0.07673137737145945,0.024853288752337124,0.02,0.40476190476190477,84
full_counterfactual_affordance,tool_regrasp_for_use,2,0.3333333333333333,0.03571428571428571,0.5233985112826558,0.17838518113701518,0.07142857142857142,0.27380952380952384,0.2619047619047619,0.07897813103601009,0.02495561995293773,0.02,0.35714285714285715,84
full_counterfactual_affordance,tool_regrasp_for_use,3,0.22321428571428573,0.0,0.5329810171639403,0.16376577193379127,0.10714285714285714,0.36904761904761907,0.25,0.07614876318611469,0.029667002639481885,0.02,0.36904761904761907,84
full_counterfactual_affordance,tool_regrasp_for_use,4,0.2341269841269841,0.0,0.5272952203579667,0.1805517701004374,0.13095238095238096,0.36904761904761907,0.20238095238095238,0.0718249926772961,0.03450075943064397,0.02,0.39285714285714285,84
full_counterfactual_affordance,tool_regrasp_for_use,5,0.2321428571428571,0.011904761904761904,0.5276208873121878,0.1592187234146308,0.08333333333333333,0.35714285714285715,0.16666666666666666,0.06695910198994247,0.030631058098400925,0.02,0.35714285714285715,84
full_counterfactual_affordance,tool_regrasp_for_use,6,0.24503968253968253,0.011904761904761904,0.5270390853818847,0.1786526569358693,0.11904761904761904,0.32142857142857145,0.23809523809523808,0.07488258602297572,0.026175459334813515,0.02,0.38095238095238093,84
minus_pose_counterfactuals,cluttered_pick_and_place,0,0.3242063492063492,0.0,0.4541075728014133,0.12771231797586532,0.0,0.4523809523809524,0.20238095238095238,0.08092443615410616,0.03767512460478809,0.02,0.42857142857142855,84
minus_pose_counterfactuals,cluttered_pick_and_place,1,0.21787131519274375,0.0,0.46392039538417446,0.13528079935829096,0.0,0.2857142857142857,0.23809523809523808,0.08319572785925772,0.03672162147025849,0.02,0.36904761904761907,84
minus_pose_counterfactuals,cluttered_pick_and_place,2,0.24609788359788362,0.011904761904761904,0.4638916279771161,0.15813452622632931,0.0,0.36904761904761907,0.32142857142857145,0.09294658729957866,0.045163178987995045,0.02,0.2976190476190476,84
minus_pose_counterfactuals,cluttered_pick_and_place,3,0.3889550264550264,0.011904761904761904,0.4522115195171719,0.1458653518625462,0.0,0.34523809523809523,0.2619047619047619,0.08327930869400772,0.03420987482854921,0.02,0.40476190476190477,84
minus_pose_counterfactuals,cluttered_pick_and_place,4,0.2742063492063492,0.0,0.45865356658572654,0.14994251316762147,0.0,0.40476190476190477,0.3333333333333333,0.09394944064775748,0.04113783283713746,0.02,0.38095238095238093,84
minus_pose_counterfactuals,cluttered_pick_and_place,5,0.2569444444444444,0.011904761904761904,0.4611002508742302,0.12579455569248002,0.0,0.39285714285714285,0.23809523809523808,0.08307377940897842,0.034854131438237616,0.02,0.39285714285714285,84
minus_pose_counterfactuals,cluttered_pick_and_place,6,0.26666666666666666,0.023809523809523808,0.46355210614542885,0.15151643838671874,0.0,0.42857142857142855,0.2857142857142857,0.0907407253170197,0.04938890613736642,0.02,0.38095238095238093,84
minus_pose_counterfactuals,occluded_container_opening,0,0.19841269841269837,0.0,0.46640119902656224,0.13777366912014344,0.13095238095238096,0.3333333333333333,0.2619047619047619,0.11170751475625418,0.04383953692490173,0.02,0.35714285714285715,84
minus_pose_counterfactuals,occluded_container_opening,1,0.13988095238095238,0.023809523809523808,0.4662219110731921,0.13773749057544113,0.09523809523809523,0.35714285714285715,0.2261904761904762,0.11477042060653647,0.03507292460913626,0.02,0.39285714285714285,84
minus_pose_counterfactuals,occluded_container_opening,2,0.21964285714285714,0.011904761904761904,0.4659011116370187,0.1360149397671658,0.13095238095238096,0.32142857142857145,0.25,0.11780203246145109,0.04373640821066319,0.02,0.2857142857142857,84
minus_pose_counterfactuals,occluded_container_opening,3,0.20277777777777775,0.0,0.46530533871115914,0.13878106822238323,0.15476190476190477,0.34523809523809523,0.2261904761904762,0.11652051785847595,0.0324904056114146,0.02,0.44047619047619047,84
minus_pose_counterfactuals,occluded_container_opening,4,0.1324404761904762,0.023809523809523808,0.4706293432748471,0.12279002643431369,0.19047619047619047,0.32142857142857145,0.30952380952380953,0.119748177293909,0.03245141066075084,0.02,0.34523809523809523,84
minus_pose_counterfactuals,occluded_container_opening,5,0.17797619047619045,0.0,0.46850725769964513,0.16406268566659227,0.08333333333333333,0.39285714285714285,0.3333333333333333,0.12606383029474855,0.042745264034082256,0.02,0.3333333333333333,84
minus_pose_counterfactuals,occluded_container_opening,6,0.2007936507936508,0.011904761904761904,0.46434677300023647,0.1305335281251908,0.19047619047619047,0.21428571428571427,0.3333333333333333,0.1224091702553743,0.03627302178031501,0.02,0.30952380952380953,84
minus_pose_counterfactuals,support_sensitive_stacking,0,0.17857142857142858,0.011904761904761904,0.46254500050876335,0.13259185275236757,0.0,0.3333333333333333,0.32142857142857145,0.12819330410249322,0.03981666898168095,0.02,0.25,84
minus_pose_counterfactuals,support_sensitive_stacking,1,0.14285714285714285,0.011904761904761904,0.46607722232934023,0.15403956906076566,0.0,0.2619047619047619,0.2619047619047619,0.12995529380234322,0.03482086253854694,0.02,0.42857142857142855,84
minus_pose_counterfactuals,support_sensitive_stacking,2,0.09325396825396826,0.0,0.47121935470580667,0.1657213479932713,0.0,0.2857142857142857,0.35714285714285715,0.15185762642779443,0.05114737071965595,0.02,0.23809523809523808,84
minus_pose_counterfactuals,support_sensitive_stacking,3,0.10714285714285714,0.0,0.4736806441624424,0.1336634381545358,0.0,0.35714285714285715,0.2857142857142857,0.12914313537286912,0.03616334818263639,0.02,0.39285714285714285,84
minus_pose_counterfactuals,support_sensitive_stacking,4,0.12341269841269842,0.011904761904761904,0.46336721680524073,0.13170951454834492,0.0,0.2976190476190476,0.20238095238095238,0.11537677833783588,0.04513487149625869,0.02,0.35714285714285715,84
minus_pose_counterfactuals,support_sensitive_stacking,5,0.09821428571428571,0.0,0.4692282840153153,0.14865737551938393,0.0,0.20238095238095238,0.2857142857142857,0.13681023175838208,0.04666765222035468,0.02,0.44047619047619047,84
minus_pose_counterfactuals,support_sensitive_stacking,6,0.14087301587301587,0.011904761904761904,0.47076233611167906,0.13126548715894473,0.0,0.30952380952380953,0.3333333333333333,0.12821007980639448,0.05236046656669794,0.02,0.4166666666666667,84
minus_pose_counterfactuals,tool_regrasp_for_use,0,0.23839285714285713,0.011904761904761904,0.46641379884036693,0.13414885772555016,0.10714285714285714,0.3333333333333333,0.2976190476190476,0.08108355113071399,0.03640498737081369,0.02,0.27380952380952384,84
minus_pose_counterfactuals,tool_regrasp_for_use,1,0.19345238095238096,0.011904761904761904,0.47831744499268,0.1491569322323619,0.11904761904761904,0.27380952380952384,0.19047619047619047,0.0699626196604341,0.027208091727923718,0.02,0.36904761904761907,84
minus_pose_counterfactuals,tool_regrasp_for_use,2,0.27976190476190477,0.011904761904761904,0.4642118115074507,0.1514047993099493,0.13095238095238096,0.35714285714285715,0.3333333333333333,0.08562116750234275,0.04041208672015027,0.02,0.30952380952380953,84
minus_pose_counterfactuals,tool_regrasp_for_use,3,0.21626984126984125,0.0,0.4725579949463612,0.1567166196692577,0.10714285714285714,0.34523809523809523,0.25,0.07629570880367313,0.04393983161501415,0.02,0.44047619047619047,84
minus_pose_counterfactuals,tool_regrasp_for_use,4,0.2867063492063492,0.0,0.46586257083258514,0.1430020358277895,0.13095238095238096,0.40476190476190477,0.19047619047619047,0.0698346786805642,0.03548105055653177,0.02,0.34523809523809523,84
minus_pose_counterfactuals,tool_regrasp_for_use,5,0.24900793650793648,0.011904761904761904,0.47009405495807044,0.16339196269359832,0.19047619047619047,0.39285714285714285,0.25,0.0755868773764173,0.04112930814619172,0.02,0.35714285714285715,84
minus_pose_counterfactuals,tool_regrasp_for_use,6,0.24841269841269836,0.0,0.4677800756959063,0.14853554392302884,0.05952380952380952,0.4166666666666667,0.20238095238095238,0.07034319518390508,0.022930944437735534,0.02,0.42857142857142855,84
minus_semantic_counterfactuals,cluttered_pick_and_place,0,0.2996031746031746,0.0,0.45852125817949724,0.15832938472267083,0.0,0.34523809523809523,0.34523809523809523,0.09511074533742933,0.044586316831609935,0.02,0.2976190476190476,84
minus_semantic_counterfactuals,cluttered_pick_and_place,1,0.23880385487528347,0.023809523809523808,0.47117521671679696,0.16801702318392248,0.0,0.39285714285714285,0.35714285714285715,0.09646738543915251,0.032536952094742916,0.02,0.27380952380952384,84
minus_semantic_counterfactuals,cluttered_pick_and_place,2,0.26924603174603173,0.011904761904761904,0.47436692806853875,0.16139328723418642,0.0,0.2857142857142857,0.38095238095238093,0.09975985688008156,0.03949729645263861,0.02,0.3333333333333333,84
minus_semantic_counterfactuals,cluttered_pick_and_place,3,0.4017857142857143,0.0,0.4631779430047889,0.13023737819183007,0.0,0.40476190476190477,0.2976190476190476,0.08785690744065752,0.039041038507628925,0.02,0.38095238095238093,84
minus_semantic_counterfactuals,cluttered_pick_and_place,4,0.25297619047619047,0.0,0.47418429621208363,0.1479054702697237,0.0,0.38095238095238093,0.2976190476190476,0.08908431644175921,0.03904704692347566,0.02,0.42857142857142855,84
minus_semantic_counterfactuals,cluttered_pick_and_place,5,0.2325869236583522,0.011904761904761904,0.47384652125887844,0.1518511785349324,0.0,0.4166666666666667,0.2619047619047619,0.08901071656308222,0.04364608238481822,0.02,0.4166666666666667,84
minus_semantic_counterfactuals,cluttered_pick_and_place,6,0.2920634920634921,0.023809523809523808,0.47081557745321834,0.14565486499564237,0.0,0.40476190476190477,0.34523809523809523,0.09482293081080202,0.04085856602445894,0.02,0.2857142857142857,84
minus_semantic_counterfactuals,occluded_container_opening,0,0.21130952380952378,0.023809523809523808,0.4732237632085682,0.1454636697832882,0.13095238095238096,0.39285714285714285,0.23809523809523808,0.11223876740124265,0.04061835523313484,0.02,0.35714285714285715,84
minus_semantic_counterfactuals,occluded_container_opening,1,0.12837301587301586,0.011904761904761904,0.47427695564993283,0.15943537458069612,0.11904761904761904,0.2976190476190476,0.27380952380952384,0.1390950832249471,0.04940816205559983,0.02,0.38095238095238093,84
minus_semantic_counterfactuals,occluded_container_opening,2,0.24801587301587305,0.0,0.47610832500064715,0.14655727951708947,0.15476190476190477,0.2619047619047619,0.2857142857142857,0.12747081572589292,0.04035906608115305,0.02,0.44047619047619047,84
minus_semantic_counterfactuals,occluded_container_opening,3,0.21468253968253967,0.0,0.4783266840144667,0.13532471269960925,0.19047619047619047,0.32142857142857145,0.27380952380952384,0.11567832679752059,0.03510804380072078,0.02,0.44047619047619047,84
minus_semantic_counterfactuals,occluded_container_opening,4,0.126984126984127,0.011904761904761904,0.486966460805914,0.14818183838040896,0.20238095238095238,0.2857142857142857,0.35714285714285715,0.12503625529141132,0.042901177272837585,0.02,0.3333333333333333,84
minus_semantic_counterfactuals,occluded_container_opening,5,0.19345238095238096,0.011904761904761904,0.4827853088871111,0.14419737256315734,0.14285714285714285,0.30952380952380953,0.35714285714285715,0.11666470841005072,0.039256187847557876,0.02,0.34523809523809523,84
minus_semantic_counterfactuals,occluded_container_opening,6,0.18888888888888888,0.011904761904761904,0.47401950781311375,0.13982075768379953,0.13095238095238096,0.2976190476190476,0.3333333333333333,0.12331887084798795,0.040964500991316544,0.02,0.35714285714285715,84
minus_semantic_counterfactuals,support_sensitive_stacking,0,0.17857142857142858,0.011904761904761904,0.468354759136769,0.14863261985651208,0.0,0.34523809523809523,0.35714285714285715,0.1347946685625256,0.040796294588876826,0.02,0.34523809523809523,84
minus_semantic_counterfactuals,support_sensitive_stacking,1,0.1409863945578231,0.0,0.4744930106537685,0.14712440301203072,0.0,0.2857142857142857,0.2976190476190476,0.13444355693817145,0.05269221645866901,0.02,0.36904761904761907,84
minus_semantic_counterfactuals,support_sensitive_stacking,2,0.10714285714285714,0.0,0.4800296404319572,0.1560495354230444,0.0,0.27380952380952384,0.2976190476190476,0.143403696489661,0.05567521803753784,0.02,0.36904761904761907,84
minus_semantic_counterfactuals,support_sensitive_stacking,3,0.10119047619047619,0.0,0.48606840382105754,0.1451884457097317,0.0,0.23809523809523808,0.36904761904761907,0.15467701480783974,0.038292792123958676,0.02,0.2857142857142857,84
minus_semantic_counterfactuals,support_sensitive_stacking,4,0.1527777777777778,0.023809523809523808,0.4809774756928376,0.14355589036145175,0.0,0.32142857142857145,0.25,0.1300004819722964,0.0371646589251272,0.02,0.2619047619047619,84
minus_semantic_counterfactuals,support_sensitive_stacking,5,0.12103174603174605,0.0,0.48549311166797776,0.15488029375975293,0.0,0.25,0.30952380952380953,0.14124271234877644,0.043736288188651266,0.02,0.3333333333333333,84
minus_semantic_counterfactuals,support_sensitive_stacking,6,0.15277777777777776,0.0,0.4800722916653159,0.12442804742075782,0.0,0.38095238095238093,0.2261904761904762,0.1213191674488017,0.035363672589033224,0.02,0.2857142857142857,84
minus_semantic_counterfactuals,tool_regrasp_for_use,0,0.2273809523809524,0.011904761904761904,0.47187355096134304,0.15618677153247454,0.14285714285714285,0.30952380952380953,0.32142857142857145,0.08381355277906795,0.03683899723814697,0.02,0.2857142857142857,84
minus_semantic_counterfactuals,tool_regrasp_for_use,1,0.17658730158730157,0.011904761904761904,0.4856863966805926,0.14612796967641217,0.15476190476190477,0.34523809523809523,0.27380952380952384,0.07859582790642144,0.04189508222841586,0.02,0.25,84
minus_semantic_counterfactuals,tool_regrasp_for_use,2,0.32908163265306123,0.011904761904761904,0.47353308020533047,0.1420865795921525,0.20238095238095238,0.3333333333333333,0.2976190476190476,0.08136936999485017,0.021243417840982746,0.02,0.2857142857142857,84
minus_semantic_counterfactuals,tool_regrasp_for_use,3,0.22023809523809523,0.0,0.48440254062787985,0.1584051493303042,0.13095238095238096,0.38095238095238093,0.3333333333333333,0.08542331259934877,0.04028718928397774,0.02,0.42857142857142855,84
minus_semantic_counterfactuals,tool_regrasp_for_use,4,0.26785714285714285,0.0,0.4838247121535961,0.14503821078910034,0.17857142857142858,0.4166666666666667,0.3333333333333333,0.08398381189902536,0.03291835118811048,0.02,0.2976190476190476,84
minus_semantic_counterfactuals,tool_regrasp_for_use,5,0.2261904761904762,0.0,0.4850312974191039,0.14544208421324128,0.17857142857142858,0.3333333333333333,0.27380952380952384,0.07814014252465373,0.045206967192963965,0.02,0.39285714285714285,84
minus_semantic_counterfactuals,tool_regrasp_for_use,6,0.253968253968254,0.0,0.47794020400474874,0.1402451624535721,0.14285714285714285,0.3333333333333333,0.27380952380952384,0.07739322955149672,0.034818241819061096,0.02,0.38095238095238093,84
minus_support_counterfactuals,cluttered_pick_and_place,0,0.34226190476190477,0.0,0.4442537164463813,0.17271341420597552,0.0,0.36904761904761907,0.2976190476190476,0.09171551622886358,0.040442783166143345,0.02,0.2976190476190476,84
minus_support_counterfactuals,cluttered_pick_and_place,1,0.2234126984126984,0.023809523809523808,0.45442460390875444,0.1708977648160523,0.0,0.32142857142857145,0.36904761904761907,0.09968951075474852,0.050230975627701534,0.02,0.2857142857142857,84
minus_support_counterfactuals,cluttered_pick_and_place,2,0.2728174603174603,0.023809523809523808,0.4519262687632778,0.1644493815459444,0.0,0.2976190476190476,0.40476190476190477,0.10256250117468065,0.040670522310750114,0.02,0.2976190476190476,84
minus_support_counterfactuals,cluttered_pick_and_place,3,0.40029761904761907,0.011904761904761904,0.442205735410029,0.15872158200274805,0.0,0.47619047619047616,0.32142857142857145,0.09164502497648767,0.03872410307378168,0.02,0.36904761904761907,84
minus_support_counterfactuals,cluttered_pick_and_place,4,0.2343584656084656,0.0,0.4481785458140382,0.1476442616990894,0.0,0.42857142857142855,0.23809523809523808,0.08455585983789612,0.04585289934443605,0.02,0.39285714285714285,84
minus_support_counterfactuals,cluttered_pick_and_place,5,0.2295445956160242,0.0,0.44907110932460254,0.16653407299121206,0.0,0.32142857142857145,0.2619047619047619,0.08992370435108535,0.04547957714617036,0.02,0.34523809523809523,84
minus_support_counterfactuals,cluttered_pick_and_place,6,0.2742063492063492,0.011904761904761904,0.44875032227342054,0.17502916568019725,0.0,0.44047619047619047,0.3333333333333333,0.09771362025078031,0.048516289459916685,0.02,0.42857142857142855,84
minus_support_counterfactuals,occluded_container_opening,0,0.20408163265306123,0.0,0.4519970756089393,0.13952216726630726,0.09523809523809523,0.34523809523809523,0.23809523809523808,0.1159773137711358,0.036650111618279545,0.02,0.34523809523809523,84
minus_support_counterfactuals,occluded_container_opening,1,0.15674603174603174,0.03571428571428571,0.45597250563439673,0.12841659142504222,0.08333333333333333,0.3333333333333333,0.25,0.11074499750150414,0.037538977857250536,0.02,0.30952380952380953,84
minus_support_counterfactuals,occluded_container_opening,2,0.21726190476190477,0.011904761904761904,0.45478387974006196,0.16297781340291606,0.05952380952380952,0.35714285714285715,0.2976190476190476,0.15552426184032397,0.05482465664587183,0.02,0.2857142857142857,84
minus_support_counterfactuals,occluded_container_opening,3,0.20039682539682538,0.0,0.45590024800726137,0.17631155072910257,0.17857142857142858,0.2619047619047619,0.34523809523809523,0.1507021431168079,0.04951252272187458,0.02,0.23809523809523808,84
minus_support_counterfactuals,occluded_container_opening,4,0.13095238095238096,0.0,0.4584648464625642,0.18364509659689782,0.11904761904761904,0.2619047619047619,0.39285714285714285,0.15688554197222376,0.05677346077734977,0.02,0.3333333333333333,84
minus_support_counterfactuals,occluded_container_opening,5,0.17332766439909297,0.011904761904761904,0.4559645756052263,0.16179410722746898,0.10714285714285714,0.2857142857142857,0.2857142857142857,0.1182777417258637,0.05376427889084434,0.02,0.38095238095238093,84
minus_support_counterfactuals,occluded_container_opening,6,0.1728505291005291,0.0,0.45313867349459497,0.1663082134426778,0.14285714285714285,0.27380952380952384,0.35714285714285715,0.1504939785572464,0.059106859668195635,0.02,0.36904761904761907,84
minus_support_counterfactuals,support_sensitive_stacking,0,0.14484126984126983,0.0,0.44769184338507867,0.1616285804470602,0.0,0.30952380952380953,0.38095238095238093,0.16049020857522397,0.0589671518942416,0.02,0.35714285714285715,84
minus_support_counterfactuals,support_sensitive_stacking,1,0.1636904761904762,0.0,0.4536987972095807,0.16655269620404603,0.0,0.30952380952380953,0.32142857142857145,0.1514450912729846,0.048444285489994444,0.02,0.35714285714285715,84
minus_support_counterfactuals,support_sensitive_stacking,2,0.0873015873015873,0.0,0.4597398529115282,0.15317783412606423,0.0,0.2261904761904762,0.34523809523809523,0.1520863377351039,0.045111492059753566,0.02,0.32142857142857145,84
minus_support_counterfactuals,support_sensitive_stacking,3,0.10714285714285714,0.0,0.4633629018577606,0.16275849983261326,0.0,0.21428571428571427,0.34523809523809523,0.15936188784226304,0.05334085861293688,0.02,0.2261904761904762,84
minus_support_counterfactuals,support_sensitive_stacking,4,0.15674603174603174,0.0,0.45218148007434344,0.14680469477828173,0.0,0.2857142857142857,0.27380952380952384,0.14080594050856293,0.04716959548189064,0.02,0.38095238095238093,84
minus_support_counterfactuals,support_sensitive_stacking,5,0.11706349206349205,0.0,0.46020923855809254,0.18146186778834064,0.0,0.2261904761904762,0.30952380952380953,0.1573309801470955,0.05261301300241138,0.02,0.39285714285714285,84
minus_support_counterfactuals,support_sensitive_stacking,6,0.13988095238095238,0.0,0.4605048955827586,0.15005120017150095,0.0,0.40476190476190477,0.2976190476190476,0.15064021628441576,0.05470497123494903,0.02,0.42857142857142855,84
minus_support_counterfactuals,tool_regrasp_for_use,0,0.2648809523809524,0.023809523809523808,0.45320159391056725,0.13371450803370694,0.09523809523809523,0.25,0.2619047619047619,0.07807898122907116,0.04171245661186485,0.02,0.36904761904761907,84
minus_support_counterfactuals,tool_regrasp_for_use,1,0.20110544217687074,0.0,0.46530234210544225,0.15685393840727907,0.14285714285714285,0.36904761904761907,0.23809523809523808,0.07574781115116405,0.03522792173144074,0.02,0.2976190476190476,84
minus_support_counterfactuals,tool_regrasp_for_use,2,0.2796626984126984,0.0,0.4483848983785898,0.1636784205950613,0.15476190476190477,0.40476190476190477,0.30952380952380953,0.08497605348787604,0.043660641083891796,0.02,0.2976190476190476,84
minus_support_counterfactuals,tool_regrasp_for_use,3,0.2242063492063492,0.0,0.4607257698909108,0.17495535516409255,0.17857142857142858,0.4523809523809524,0.36904761904761907,0.08880724217702646,0.03941657162690785,0.02,0.19047619047619047,84
minus_support_counterfactuals,tool_regrasp_for_use,4,0.25297619047619047,0.0,0.453827564716867,0.17685283374597327,0.13095238095238096,0.35714285714285715,0.2976190476190476,0.08160925065855701,0.03633878038218572,0.02,0.40476190476190477,84
minus_support_counterfactuals,tool_regrasp_for_use,5,0.2459325396825397,0.023809523809523808,0.45748841687520037,0.16086134361429466,0.13095238095238096,0.3333333333333333,0.19047619047619047,0.07125621962017555,0.04343434431684109,0.02,0.32142857142857145,84
minus_support_counterfactuals,tool_regrasp_for_use,6,0.22123015873015872,0.0,0.4558730363572724,0.1471230120002312,0.13095238095238096,0.42857142857142855,0.2619047619047619,0.07832980784506302,0.04351857127555807,0.02,0.34523809523809523,84
minus_uncertainty_calibration,cluttered_pick_and_place,0,0.3412698412698412,0.0,0.535616950204245,0.17719720606326111,0.0,0.34523809523809523,0.2976190476190476,0.0900610386622751,0.041254575887972975,0.02,0.39285714285714285,84
minus_uncertainty_calibration,cluttered_pick_and_place,1,0.22739512471655327,0.011904761904761904,0.549349054144014,0.19995346598513755,0.0,0.27380952380952384,0.3333333333333333,0.09390708337472978,0.04691224696443833,0.02,0.38095238095238093,84
minus_uncertainty_calibration,cluttered_pick_and_place,2,0.2306216931216931,0.011904761904761904,0.5473419334024798,0.18927132461574475,0.0,0.3333333333333333,0.39285714285714285,0.10047820310631796,0.0447617568352305,0.02,0.34523809523809523,84
minus_uncertainty_calibration,cluttered_pick_and_place,3,0.3761904761904762,0.0,0.5333802142079703,0.16669154866853786,0.0,0.36904761904761907,0.32142857142857145,0.09082212978580732,0.04924468511044995,0.02,0.38095238095238093,84
minus_uncertainty_calibration,cluttered_pick_and_place,4,0.27222222222222225,0.0,0.5458958288265922,0.1834226030419984,0.0,0.40476190476190477,0.2857142857142857,0.08882596296072431,0.038406736758375574,0.02,0.39285714285714285,84
minus_uncertainty_calibration,cluttered_pick_and_place,5,0.25337301587301586,0.023809523809523808,0.5450852829180817,0.16497535004273461,0.0,0.40476190476190477,0.25,0.08517961873280044,0.03455266689084531,0.02,0.42857142857142855,84
minus_uncertainty_calibration,cluttered_pick_and_place,6,0.2577380952380952,0.023809523809523808,0.5428593157236804,0.15959254044887286,0.0,0.44047619047619047,0.27380952380952384,0.08695312092903985,0.041065966478246355,0.02,0.42857142857142855,84
minus_uncertainty_calibration,occluded_container_opening,0,0.21071428571428572,0.011904761904761904,0.5474631520734123,0.19487787102774268,0.13095238095238096,0.36904761904761907,0.2857142857142857,0.12110777632864475,0.04263203129038906,0.02,0.38095238095238093,84
minus_uncertainty_calibration,occluded_container_opening,1,0.1507936507936508,0.011904761904761904,0.5491461881794467,0.19454851133221981,0.11904761904761904,0.42857142857142855,0.35714285714285715,0.13890097216852007,0.04391948617913594,0.02,0.2976190476190476,84
minus_uncertainty_calibration,occluded_container_opening,2,0.23611111111111113,0.011904761904761904,0.5507754045668554,0.1842228891080596,0.13095238095238096,0.32142857142857145,0.2619047619047619,0.11283643718863826,0.04226932618341164,0.02,0.40476190476190477,84
minus_uncertainty_calibration,occluded_container_opening,3,0.19246031746031744,0.0,0.5453706232393267,0.208728158216808,0.23809523809523808,0.3333333333333333,0.34523809523809523,0.13829713158533116,0.043094559312066266,0.02,0.44047619047619047,84
minus_uncertainty_calibration,occluded_container_opening,4,0.12896825396825398,0.011904761904761904,0.5608480201932691,0.17907879658768186,0.15476190476190477,0.3333333333333333,0.30952380952380953,0.12263074347507727,0.03873872412371475,0.02,0.40476190476190477,84
minus_uncertainty_calibration,occluded_container_opening,5,0.17559523809523808,0.0,0.5499912563966564,0.18771996951005404,0.09523809523809523,0.23809523809523808,0.3333333333333333,0.1190239661411698,0.047307622396303296,0.02,0.36904761904761907,84
minus_uncertainty_calibration,occluded_container_opening,6,0.16005291005291006,0.011904761904761904,0.5486196145837431,0.1662708401497106,0.14285714285714285,0.2976190476190476,0.3333333333333333,0.12302493102640989,0.04307769957029125,0.02,0.38095238095238093,84
minus_uncertainty_calibration,support_sensitive_stacking,0,0.16170634920634921,0.011904761904761904,0.5421345176105806,0.16538403205106897,0.0,0.2619047619047619,0.3333333333333333,0.13757643137789216,0.046346741151056706,0.02,0.42857142857142855,84
minus_uncertainty_calibration,support_sensitive_stacking,1,0.14285714285714285,0.0,0.5478271477714431,0.17443841911942867,0.0,0.27380952380952384,0.30952380952380953,0.1344386178091589,0.03706052307271503,0.02,0.47619047619047616,84
minus_uncertainty_calibration,support_sensitive_stacking,2,0.09920634920634919,0.011904761904761904,0.5553096338065175,0.20432262698165132,0.0,0.2857142857142857,0.35714285714285715,0.1609725351328925,0.05754074262239016,0.02,0.39285714285714285,84
minus_uncertainty_calibration,support_sensitive_stacking,3,0.09325396825396826,0.0,0.556542110607826,0.18948791764475986,0.0,0.32142857142857145,0.27380952380952384,0.1445916611304303,0.0463189506113157,0.02,0.35714285714285715,84
minus_uncertainty_calibration,support_sensitive_stacking,4,0.15079365079365079,0.023809523809523808,0.5533175442786537,0.16814941323991955,0.0,0.2619047619047619,0.2976190476190476,0.13825232972746232,0.038252140904383836,0.02,0.47619047619047616,84
minus_uncertainty_calibration,support_sensitive_stacking,5,0.11607142857142858,0.0,0.5565451495893226,0.16944623954175414,0.0,0.3333333333333333,0.2976190476190476,0.13581279428980308,0.03811599455184308,0.02,0.44047619047619047,84
minus_uncertainty_calibration,support_sensitive_stacking,6,0.1349206349206349,0.011904761904761904,0.5566253873885748,0.1525519735830335,0.0,0.36904761904761907,0.27380952380952384,0.12423857570357962,0.042706710229781314,0.02,0.34523809523809523,84
minus_uncertainty_calibration,tool_regrasp_for_use,0,0.25826719576719576,0.023809523809523808,0.5475442287160496,0.21291656131845818,0.09523809523809523,0.34523809523809523,0.32142857142857145,0.08460748079612428,0.04656992391103113,0.02,0.4523809523809524,84
minus_uncertainty_calibration,tool_regrasp_for_use,1,0.16805555555555557,0.011904761904761904,0.5589006925633201,0.1735498818291125,0.13095238095238096,0.3333333333333333,0.2619047619047619,0.07723473893222647,0.0436453384232217,0.02,0.5,84
minus_uncertainty_calibration,tool_regrasp_for_use,2,0.30843253968253964,0.03571428571428571,0.5464585157391256,0.2053782635975549,0.09523809523809523,0.38095238095238093,0.27380952380952384,0.08021027995508885,0.034942767590804974,0.02,0.4166666666666667,84
minus_uncertainty_calibration,tool_regrasp_for_use,3,0.23809523809523808,0.0,0.5578910589946078,0.18643950037817017,0.14285714285714285,0.2976190476190476,0.2976190476190476,0.0812638908634439,0.04276955196504441,0.02,0.32142857142857145,84
minus_uncertainty_calibration,tool_regrasp_for_use,4,0.24186507936507937,0.0,0.5566851272029399,0.18044015106231465,0.17857142857142858,0.35714285714285715,0.3333333333333333,0.08369368456962645,0.03394874598787234,0.02,0.35714285714285715,84
minus_uncertainty_calibration,tool_regrasp_for_use,5,0.21468253968253967,0.023809523809523808,0.5539772798375613,0.16951888898855763,0.10714285714285714,0.2976190476190476,0.25,0.07539021227072357,0.046073801378000004,0.02,0.44047619047619047,84
minus_uncertainty_calibration,tool_regrasp_for_use,6,0.2361111111111111,0.011904761904761904,0.5517138911504029,0.18514652053096287,0.11904761904761904,0.3333333333333333,0.2857142857142857,0.07911806759288596,0.0372277912223891,0.02,0.38095238095238093,84
observed_only_counterfactual_head,cluttered_pick_and_place,0,0.2702617157974301,0.0,0.32346517488030185,0.19356874918964798,0.0,0.38095238095238093,0.39285714285714285,0.10342046784647772,0.07014382463374702,0.0,0.2857142857142857,84
observed_only_counterfactual_head,cluttered_pick_and_place,1,0.16435185185185186,0.0,0.3289209822144996,0.1821802419358254,0.0,0.2976190476190476,0.5476190476190477,0.12195188670777216,0.10832469371705246,0.0,0.20238095238095238,84
observed_only_counterfactual_head,cluttered_pick_and_place,2,0.1904525699168556,0.011904761904761904,0.3305435982779003,0.19553994405575587,0.0,0.23809523809523808,0.4880952380952381,0.11448834503740624,0.08441620131240597,0.0,0.25,84
observed_only_counterfactual_head,cluttered_pick_and_place,3,0.2817224111866969,0.0,0.31644470023523846,0.19283883504060878,0.0,0.38095238095238093,0.39285714285714285,0.10357343931709308,0.09390743855694932,0.0,0.27380952380952384,84
observed_only_counterfactual_head,cluttered_pick_and_place,4,0.2170918367346939,0.0,0.3292109044764067,0.1830855334100049,0.0,0.36904761904761907,0.4642857142857143,0.11334338527262182,0.08658836469201077,0.0,0.2261904761904762,84
observed_only_counterfactual_head,cluttered_pick_and_place,5,0.18185039167182027,0.0,0.32764649429566567,0.18018442022480843,0.0,0.3333333333333333,0.38095238095238093,0.1041787670523784,0.08777112801374952,0.0,0.21428571428571427,84
observed_only_counterfactual_head,cluttered_pick_and_place,6,0.2090419501133787,0.0,0.3283762816826164,0.16713218807625052,0.0,0.2619047619047619,0.4166666666666667,0.10793328872737419,0.07908664421866476,0.0,0.25,84
observed_only_counterfactual_head,occluded_container_opening,0,0.1193452380952381,0.0,0.33430318090585665,0.1828393423920415,0.11904761904761904,0.34523809523809523,0.38095238095238093,0.1787917011416067,0.10708878060217622,0.0,0.2619047619047619,84
observed_only_counterfactual_head,occluded_container_opening,1,0.10238095238095239,0.011904761904761904,0.33462496831517424,0.18430909951894064,0.19047619047619047,0.25,0.40476190476190477,0.17035338769830025,0.09145241073464627,0.0,0.34523809523809523,84
observed_only_counterfactual_head,occluded_container_opening,2,0.18088624338624337,0.0,0.3292294064798251,0.1753558478494387,0.14285714285714285,0.23809523809523808,0.40476190476190477,0.16679549801303448,0.08449000851631734,0.0,0.30952380952380953,84
observed_only_counterfactual_head,occluded_container_opening,3,0.1421626984126984,0.0,0.33354319399841553,0.18566222891446887,0.30952380952380953,0.2619047619047619,0.4523809523809524,0.17774448963406206,0.10671922110779374,0.0,0.23809523809523808,84
observed_only_counterfactual_head,occluded_container_opening,4,0.08571428571428572,0.0,0.3374841950461427,0.20195673252141477,0.3333333333333333,0.2261904761904762,0.5357142857142857,0.20177067207163765,0.11777855326301578,0.0,0.19047619047619047,84
observed_only_counterfactual_head,occluded_container_opening,5,0.12838718820861678,0.011904761904761904,0.32924812285934746,0.16386767826571064,0.20238095238095238,0.2619047619047619,0.35714285714285715,0.1506240832434608,0.09222373621476525,0.0,0.23809523809523808,84
observed_only_counterfactual_head,occluded_container_opening,6,0.17043650793650794,0.011904761904761904,0.33207080581755466,0.18126436552047803,0.2261904761904762,0.25,0.38095238095238093,0.15947231810533732,0.08386989723437427,0.0,0.25,84
observed_only_counterfactual_head,support_sensitive_stacking,0,0.09315476190476189,0.0,0.330808452485377,0.17725016762424736,0.0,0.2976190476190476,0.32142857142857145,0.15586900710710636,0.10166411499500783,0.0,0.36904761904761907,84
observed_only_counterfactual_head,support_sensitive_stacking,1,0.09566326530612243,0.011904761904761904,0.3340733788305349,0.19426974581950743,0.0,0.2619047619047619,0.39285714285714285,0.19209570309417523,0.11122891289718982,0.0,0.27380952380952384,84
observed_only_counterfactual_head,support_sensitive_stacking,2,0.07281746031746032,0.011904761904761904,0.34302038258743783,0.18439452665341513,0.0,0.14285714285714285,0.42857142857142855,0.19551607551875,0.09826448275111256,0.0,0.21428571428571427,84
observed_only_counterfactual_head,support_sensitive_stacking,3,0.07647907647907648,0.0,0.34504493414756443,0.16653440489279994,0.0,0.27380952380952384,0.42857142857142855,0.22243838937830787,0.1237843945415629,0.0,0.23809523809523808,84
observed_only_counterfactual_head,support_sensitive_stacking,4,0.09919733044733044,0.0,0.33270606835336103,0.19668144089713083,0.0,0.16666666666666666,0.4523809523809524,0.19894175770298356,0.13407041713823645,0.0,0.23809523809523808,84
observed_only_counterfactual_head,support_sensitive_stacking,5,0.07132936507936508,0.0,0.33730897366724105,0.1785834607567513,0.0,0.2619047619047619,0.3333333333333333,0.18137748882740645,0.09773146586477012,0.0,0.39285714285714285,84
observed_only_counterfactual_head,support_sensitive_stacking,6,0.11150793650793651,0.0,0.3391202641312591,0.15971882243490954,0.0,0.21428571428571427,0.34523809523809523,0.17488872757691493,0.11056912631619749,0.0,0.21428571428571427,84
observed_only_counterfactual_head,tool_regrasp_for_use,0,0.21104497354497354,0.011904761904761904,0.3300023367482154,0.20524787178907686,0.19047619047619047,0.30952380952380953,0.34523809523809523,0.08877588930763601,0.08241380079143168,0.0,0.30952380952380953,84
observed_only_counterfactual_head,tool_regrasp_for_use,1,0.14781746031746032,0.0,0.3410186379019358,0.18140992633642772,0.16666666666666666,0.2619047619047619,0.38095238095238093,0.09314529865646883,0.08916923665456482,0.0,0.2976190476190476,84
observed_only_counterfactual_head,tool_regrasp_for_use,2,0.24054232804232806,0.0,0.3307833913812661,0.1919822787657647,0.20238095238095238,0.2857142857142857,0.4523809523809524,0.10268846902133524,0.0913461216891455,0.0,0.27380952380952384,84
observed_only_counterfactual_head,tool_regrasp_for_use,3,0.15529100529100529,0.0,0.3379922238358076,0.17269685726184944,0.14285714285714285,0.23809523809523808,0.42857142857142855,0.09840591023356791,0.08986437723320824,0.0,0.20238095238095238,84
observed_only_counterfactual_head,tool_regrasp_for_use,4,0.19615929705215418,0.0,0.3310361209454689,0.17698111665291244,0.17857142857142858,0.27380952380952384,0.36904761904761907,0.09120743132582702,0.08906957507550992,0.0,0.25,84
observed_only_counterfactual_head,tool_regrasp_for_use,5,0.17124433106575965,0.0,0.3313491653111717,0.16617025703541546,0.2619047619047619,0.2619047619047619,0.36904761904761907,0.09149893116580884,0.08403736744845128,0.0,0.2261904761904762,84
observed_only_counterfactual_head,tool_regrasp_for_use,6,0.2027777777777778,0.011904761904761904,0.33556003817834,0.1912874889364774,0.10714285714285714,0.2619047619047619,0.32142857142857145,0.08494803154834056,0.07751808358480024,0.0,0.2261904761904762,84
support_only_counterfactual_head,cluttered_pick_and_place,0,0.3052248677248677,0.0,0.4089490927299762,0.13882903615136286,0.0,0.32142857142857145,0.20238095238095238,0.08083686843161629,0.04926473143968175,0.02,0.2857142857142857,84
support_only_counterfactual_head,cluttered_pick_and_place,1,0.23333333333333334,0.011904761904761904,0.4168000664416675,0.14935907683135255,0.0,0.42857142857142855,0.25,0.08599389663753992,0.05197111102149828,0.02,0.34523809523809523,84
support_only_counterfactual_head,cluttered_pick_and_place,2,0.2126984126984127,0.011904761904761904,0.4117264167978526,0.16558096167470693,0.0,0.34523809523809523,0.3333333333333333,0.09510162498746605,0.05189514521060875,0.02,0.32142857142857145,84
support_only_counterfactual_head,cluttered_pick_and_place,3,0.36408730158730157,0.0,0.40498685729644024,0.15757192733681954,0.0,0.38095238095238093,0.32142857142857145,0.08897072816619583,0.04610249420643706,0.02,0.35714285714285715,84
support_only_counterfactual_head,cluttered_pick_and_place,4,0.23572845804988662,0.0,0.4144351100014931,0.14863612498332102,0.0,0.30952380952380953,0.2976190476190476,0.09038283352686574,0.059414171282959144,0.02,0.3333333333333333,84
support_only_counterfactual_head,cluttered_pick_and_place,5,0.23948412698412694,0.011904761904761904,0.4174134541363629,0.13283522242945353,0.0,0.4642857142857143,0.30952380952380953,0.09175070971337351,0.04722347930995877,0.02,0.30952380952380953,84
support_only_counterfactual_head,cluttered_pick_and_place,6,0.310515873015873,0.023809523809523808,0.41402545599408686,0.14149450240567052,0.0,0.4166666666666667,0.2619047619047619,0.08730470540618017,0.037105116222787615,0.02,0.34523809523809523,84
support_only_counterfactual_head,occluded_container_opening,0,0.18541666666666665,0.0,0.419833683737335,0.13496989810398552,0.19047619047619047,0.42857142857142855,0.2857142857142857,0.10534988420487235,0.04622635524314781,0.02,0.3333333333333333,84
support_only_counterfactual_head,occluded_container_opening,1,0.1378968253968254,0.023809523809523808,0.4195435419821443,0.1345817500767023,0.11904761904761904,0.38095238095238093,0.19047619047619047,0.12363187205968937,0.05410112131053876,0.02,0.2619047619047619,84
support_only_counterfactual_head,occluded_container_opening,2,0.22531179138321997,0.011904761904761904,0.4157256840959634,0.14882392905075545,0.09523809523809523,0.36904761904761907,0.2619047619047619,0.11504925155864906,0.044220948989914986,0.02,0.35714285714285715,84
support_only_counterfactual_head,occluded_container_opening,3,0.19841269841269837,0.0,0.4204906633836318,0.12986151568821339,0.19047619047619047,0.38095238095238093,0.25,0.11203912055339484,0.030881295222879572,0.02,0.39285714285714285,84
support_only_counterfactual_head,occluded_container_opening,4,0.12996031746031744,0.011904761904761904,0.4251089594756782,0.13661389462833282,0.16666666666666666,0.30952380952380953,0.30952380952380953,0.1269337065479552,0.055066798957306165,0.02,0.30952380952380953,84
support_only_counterfactual_head,occluded_container_opening,5,0.15367063492063493,0.011904761904761904,0.4205521878292358,0.15208784081844082,0.13095238095238096,0.34523809523809523,0.30952380952380953,0.11646607720815198,0.04587284552703573,0.02,0.34523809523809523,84
support_only_counterfactual_head,occluded_container_opening,6,0.1584467120181406,0.011904761904761904,0.4194805126215957,0.14349583575114377,0.20238095238095238,0.2261904761904762,0.39285714285714285,0.135523159253299,0.059112230756460035,0.02,0.2976190476190476,84
support_only_counterfactual_head,support_sensitive_stacking,0,0.16507936507936508,0.0,0.4178971313832524,0.15683483957850378,0.0,0.34523809523809523,0.34523809523809523,0.13881207749789706,0.04975923719859926,0.02,0.2857142857142857,84
support_only_counterfactual_head,support_sensitive_stacking,1,0.15575396825396823,0.0,0.41943991196373964,0.14182440155732465,0.0,0.32142857142857145,0.3333333333333333,0.14059517802453766,0.051186247626522775,0.02,0.32142857142857145,84
support_only_counterfactual_head,support_sensitive_stacking,2,0.08769841269841269,0.011904761904761904,0.4212144648745008,0.16532245548676566,0.0,0.2976190476190476,0.27380952380952384,0.1399332020278682,0.04549819084840191,0.02,0.42857142857142855,84
support_only_counterfactual_head,support_sensitive_stacking,3,0.09226190476190477,0.0,0.4258905270321415,0.14101380266695307,0.0,0.2857142857142857,0.35714285714285715,0.1510291758284134,0.05698409563942338,0.02,0.3333333333333333,84
support_only_counterfactual_head,support_sensitive_stacking,4,0.1488095238095238,0.0,0.419197642262951,0.1450492204561752,0.0,0.32142857142857145,0.32142857142857145,0.13161234191304189,0.057692276236956844,0.02,0.34523809523809523,84
support_only_counterfactual_head,support_sensitive_stacking,5,0.09523809523809523,0.0,0.42493900862754236,0.17260279301492437,0.0,0.30952380952380953,0.2619047619047619,0.15295088555018013,0.06063734149655095,0.02,0.39285714285714285,84
support_only_counterfactual_head,support_sensitive_stacking,6,0.13690476190476192,0.0,0.42675964322432286,0.13265182926143101,0.0,0.3333333333333333,0.2619047619047619,0.12513276678745056,0.049989761025493094,0.02,0.4642857142857143,84
support_only_counterfactual_head,tool_regrasp_for_use,0,0.2613095238095238,0.011904761904761904,0.4171883450426294,0.15007208755619755,0.11904761904761904,0.35714285714285715,0.21428571428571427,0.0727737088341255,0.051170026354925006,0.02,0.3333333333333333,84
support_only_counterfactual_head,tool_regrasp_for_use,1,0.17797619047619045,0.0,0.4268333330049373,0.14189467687704105,0.19047619047619047,0.2857142857142857,0.2976190476190476,0.08078547445866611,0.04692286944917559,0.02,0.32142857142857145,84
support_only_counterfactual_head,tool_regrasp_for_use,2,0.24702380952380948,0.0,0.4117263858782289,0.15307934206698218,0.19047619047619047,0.32142857142857145,0.30952380952380953,0.08380538931437152,0.06227191400705131,0.02,0.32142857142857145,84
support_only_counterfactual_head,tool_regrasp_for_use,3,0.21241496598639453,0.0,0.42263345394831286,0.1499735129438204,0.20238095238095238,0.25,0.2261904761904762,0.07284369372305376,0.04967521761786605,0.02,0.32142857142857145,84
support_only_counterfactual_head,tool_regrasp_for_use,4,0.24791666666666665,0.0,0.42111579618014,0.14307128301816666,0.16666666666666666,0.39285714285714285,0.27380952380952384,0.07901939742508482,0.05002931146000903,0.02,0.3333333333333333,84
support_only_counterfactual_head,tool_regrasp_for_use,5,0.19285714285714284,0.0,0.42387198099439405,0.13572312977787063,0.19047619047619047,0.35714285714285715,0.2619047619047619,0.07568567844116007,0.04948954222168579,0.02,0.36904761904761907,84
support_only_counterfactual_head,tool_regrasp_for_use,6,0.23253968253968252,0.0,0.42104205812128387,0.1308696703216427,0.21428571428571427,0.27380952380952384,0.27380952380952384,0.07787238369899738,0.041298354317112276,0.02,0.2976190476190476,84
