seed,method,task_success,affordance_ap,counterfactual_recall,counterfactual_precision,invalid_action,damage_rate,planning_regret,probe_cost,map_ece,support_transfer_violation,semantic_transfer_violation,robust_utility,mechanism_utility,action_churn
0,active_view_affordance_probe,0.2916666666666667,0.9010980974570141,0.7251655629139073,0.8358778625954199,0.2786458333333333,0.09895833333333333,0.3117332013347742,0.1656,0.33589833688256254,0.21939332554768845,0.23565897035926073,-0.29183274093434197,0.20457720992651576,0.4025893337306994
0,causal_counterfactual_affordance_planner_v5,0.3645833333333333,0.9084070381413876,1.0,0.7885117493472585,0.4088541666666667,0.1796875,0.3464849204920714,0.025600000000000008,0.41054929838537285,0.21475943537743536,0.2195705531753679,-0.3996297776777833,0.34305669621059875,0.44010234340740256
0,counterfactual_affordance_map_v4,0.23697916666666666,0.9115172883246488,0.7052980132450332,0.852,0.4583333333333333,0.2682291666666667,0.40398365345135695,0.025600000000000008,0.34979711654438406,0.26157333414627,0.2690976942749303,-0.6973007657492832,0.19020520405018002,0.4944268861460704
0,diffusion_affordance_sampler,0.21614583333333334,0.8532821605093382,0.0,0.0,0.4635416666666667,0.21875,0.4111600069712762,0.025600000000000008,0.37515392504449735,0.28699104925122576,0.3123964339931092,-0.6854492132132267,0.07637597876086784,0.5025640432791073
0,ensemble_uncertainty_affordance,0.19791666666666666,0.9001523514900022,0.013245033112582781,1.0,0.3984375,0.203125,0.4071206316455676,0.031200000000000002,0.4108274543947327,0.28460022460923395,0.30306713055950885,-0.6293484421518972,0.12026360564816634,0.45680752401820807
0,foundation_vlm_affordance,0.171875,0.8547609078502804,0.0,0.0,0.4609375,0.24479166666666666,0.4449340900925902,0.0,0.35037469201096527,0.3479685164104765,0.23258166280839246,-0.7704642797314798,0.034840139515234375,0.5470180193135811
0,gaussian_grasp_map,0.10677083333333333,0.8707691740023965,0.0,0.0,0.5416666666666666,0.2864583333333333,0.4835613713630998,0.0,0.22022401263831104,0.3747545627834598,0.40623073761825296,-0.9768002516208365,-0.0615046401081091,0.5427195164152585
0,graph_conv_affordance,0.14583333333333334,0.8607126211208154,0.0,0.0,0.5130208333333334,0.2942708333333333,0.4730922344612008,0.0,0.2576914082211573,0.31016508520311475,0.3649525943054123,-0.9089770641228405,-0.006752025466524186,0.536900830172132
0,interactive_affordance_probe,0.3098958333333333,0.8703238065765728,0.8576158940397351,0.8354838709677419,0.21875,0.041666666666666664,0.2755637932624757,0.2216,0.33384379266857883,0.18076155475462727,0.2371845559138049,-0.15417269695039962,0.22596532474418632,0.36821711235489946
0,multi_affordance_grasping,0.140625,0.8675015721078819,0.0,0.0,0.546875,0.28125,0.4942652995716072,0.0,0.33751101512853204,0.3792850960436611,0.38369395040990045,-0.948954459700125,-0.07181100359441166,0.5581738199372611
0,observed_affordance_map,0.09114583333333333,0.8683385904956364,0.0,0.0,0.5598958333333334,0.2916666666666667,0.5250902417321571,0.0,0.15547872490495063,0.41476577763881006,0.4111432708097797,-1.0436308775458434,-0.12859247534703203,0.5814376866637889
0,oracle_counterfactual_map,0.4869791666666667,0.9418940148883911,1.0,0.7864583333333334,0.19270833333333334,0.052083333333333336,0.2102890162642462,0.0,0.5260200612645187,0.07095503939454435,0.0661233929966677,0.14100081361502767,0.5512411874593737,0.3066782515797907
0,robust_mpc_affordance_planner,0.2604166666666667,0.8620482484692683,0.0,0.0,0.2630208333333333,0.059895833333333336,0.30942250697846024,0.047999999999999994,0.3334238323155134,0.19623763146667006,0.2471576808020707,-0.24840575488492211,0.1491478114697665,0.4039864463357992
0,vlm_spatial_affordance,0.15364583333333334,0.8387014271311981,0.0,0.0,0.453125,0.2265625,0.4717319675366407,0.0,0.2454507074593105,0.36835645877448914,0.2657866899234988,-0.7851342522756485,0.00044162867765869555,0.5509738874886115
1,active_view_affordance_probe,0.3072916666666667,0.9447294758229869,0.7202572347266881,0.8818897637795275,0.2760416666666667,0.07291666666666667,0.3078156524037321,0.1656,0.2666463299567988,0.22401709039903916,0.23505501293004896,-0.24737170668261246,0.2044974043019054,0.3976531554458451
1,causal_counterfactual_affordance_planner_v5,0.328125,0.9657537076218395,1.0,0.8098958333333334,0.3489583333333333,0.21354166666666666,0.3491958957334389,0.025600000000000008,0.3414842256961563,0.21828312913644346,0.2204907072411805,-0.4144962103467405,0.3426438920381272,0.44089410070791163
1,counterfactual_affordance_map_v4,0.23177083333333334,0.9525484502293772,0.707395498392283,0.8870967741935484,0.4322916666666667,0.22916666666666666,0.40374685985627634,0.025600000000000008,0.27906339388652746,0.2638463045295028,0.2717862296850208,-0.6442704268993934,0.18902094849309903,0.49488418496564496
1,diffusion_affordance_sampler,0.23958333333333334,0.926532137238522,0.003215434083601286,1.0,0.4609375,0.23697916666666666,0.4123119599390604,0.025600000000000008,0.3991227669761327,0.2906888483865299,0.3096112757519865,-0.675292038624009,0.07568550102623446,0.5033551414473524
1,ensemble_uncertainty_affordance,0.19791666666666666,0.9696724531709691,0.00964630225080386,1.0,0.4166666666666667,0.234375,0.4067945161843481,0.031200000000000002,0.3827694133148952,0.28360549870470203,0.3026110014419461,-0.6733909946623772,0.12103170296660852,0.45651643113662493
1,foundation_vlm_affordance,0.21354166666666666,0.8839508171405925,0.0,0.0,0.5078125,0.23177083333333334,0.4478426189314921,0.0,0.3130446820710484,0.35271823332132035,0.23989003636036277,-0.7604169165853777,0.031970375177602824,0.5454746060944019
1,gaussian_grasp_map,0.12760416666666666,0.9212858320506241,0.0,0.0,0.5104166666666666,0.2526041666666667,0.48201521169089107,0.0,0.15042914594592702,0.38181899626827803,0.4088186397469353,-0.8953012731836237,-0.06337370410808017,0.5399830542275202
1,graph_conv_affordance,0.18229166666666666,0.9296363198670499,0.0,0.0,0.5234375,0.2708333333333333,0.47543971874548374,0.0,0.19052214332147407,0.31488478691937727,0.36515993525419815,-0.861297386455172,-0.008032779011566562,0.5368054747767151
1,interactive_affordance_probe,0.3098958333333333,0.9522900398732689,0.8681672025723473,0.8571428571428571,0.203125,0.041666666666666664,0.2757240992697309,0.2216,0.2642695637091512,0.18589079530365268,0.23905096175818233,-0.13990991115547824,0.22499376381990177,0.36373073608469797
1,multi_affordance_grasping,0.11979166666666667,0.9115814985769252,0.0,0.0,0.5494791666666666,0.2838541666666667,0.49394307325405634,0.0,0.3423013018274167,0.3865911963212724,0.38496237006730327,-0.9752914012778394,-0.07418856453698904,0.5583781797512927
1,observed_affordance_map,0.08854166666666667,0.9158349741554509,0.0,0.0,0.578125,0.3203125,0.5220564635137577,0.0,0.08526604305281249,0.42235014367529394,0.4131718472670672,-1.0862207744596304,-0.13025459737156478,0.5771863447512424
1,oracle_counterfactual_map,0.4713541666666667,0.9798805029457683,1.0,0.8098958333333334,0.234375,0.0625,0.21128455016219647,0.0,0.4553867483239531,0.07483039432426665,0.0672923991833352,0.0763976898864625,0.5510824781145491,0.30457824051239163
1,robust_mpc_affordance_planner,0.234375,0.923983597484886,0.0,0.0,0.23177083333333334,0.0703125,0.30862651995670126,0.047999999999999994,0.26397884612512873,0.2011414316491971,0.24811336469554468,-0.2556089806363575,0.14820302006866343,0.4006277969832099
1,vlm_spatial_affordance,0.17708333333333334,0.9062092905335672,0.0,0.0,0.5286458333333334,0.28125,0.47089805131303036,0.0,0.18239848857746443,0.3742509092547946,0.26948470667241237,-0.877545302585788,-0.002686902334368104,0.552072100599219
2,active_view_affordance_probe,0.24739583333333334,0.9349023526477294,0.6813559322033899,0.8445378151260504,0.23958333333333334,0.08854166666666667,0.3083189927790881,0.1656,0.32024587376671376,0.2209858225030508,0.23621280880134998,-0.290823003278695,0.20302759274016471,0.40017625012090113
2,causal_counterfactual_affordance_planner_v5,0.3411458333333333,0.9370521243524104,1.0,0.7702349869451697,0.375,0.19791666666666666,0.34913542117311874,0.025600000000000008,0.39474536496421936,0.21564238953344342,0.22493245696513767,-0.41099033648784977,0.34008334253651534,0.4349849937880091
2,counterfactual_affordance_map_v4,0.22395833333333334,0.9207125512000783,0.6847457627118644,0.831275720164609,0.4296875,0.2421875,0.4030576353150974,0.025600000000000008,0.3370589302975346,0.26108381461435454,0.2729744397343681,-0.6610535947205682,0.18881795237887303,0.49029501890362237
2,diffusion_affordance_sampler,0.2109375,0.9346966958926685,0.0,0.0,0.4427083333333333,0.19010416666666666,0.41161567756790024,0.025600000000000008,0.39996861799531314,0.28792006587320307,0.31327293780041754,-0.6468619326308634,0.07401965619646848,0.505242148487505
2,ensemble_uncertainty_affordance,0.19791666666666666,0.950135500239246,0.013559322033898305,1.0,0.4401041666666667,0.171875,0.40952484256671257,0.031200000000000002,0.4162721706733752,0.2838019632300366,0.30501609860227624,-0.6418647231300322,0.11927555154461689,0.4549088237622101
2,foundation_vlm_affordance,0.1953125,0.8679747453603995,0.0,0.0,0.5338541666666666,0.2421875,0.4425627964884081,0.0,0.35284822701180685,0.34951427201798246,0.23722888936262368,-0.808986665875219,0.03320069761726758,0.5458453602770615
2,gaussian_grasp_map,0.11979166666666667,0.904527801482275,0.0,0.0,0.546875,0.25,0.4821437240082352,0.0,0.20641386232034045,0.3794014537803738,0.4111509216305837,-0.9348443568057646,-0.0637056749317737,0.5390408162431672
2,graph_conv_affordance,0.1484375,0.8899367077866545,0.0,0.0,0.515625,0.2916666666666667,0.4747077794703152,0.0,0.2404178780982874,0.3103531648020676,0.36704144028777846,-0.9074777372958872,-0.007359538100770253,0.536934974308025
2,interactive_affordance_probe,0.3229166666666667,0.937716155276318,0.8271186440677966,0.8299319727891157,0.17708333333333334,0.036458333333333336,0.27799269240722596,0.2216,0.31813455223795883,0.18137878106555383,0.24156060975753899,-0.09928438468505818,0.22428673435481392,0.3632572619833481
2,multi_affordance_grasping,0.1171875,0.9036480935579656,0.0,0.0,0.5807291666666666,0.3151041666666667,0.49785235238395836,0.0,0.34250588965083734,0.3848536600492596,0.38984927211578513,-1.0370122716687709,-0.07528964668709918,0.5566215602063062
2,observed_affordance_map,0.08854166666666667,0.8971149523490128,0.0,0.0,0.546875,0.3307291666666667,0.5203972325819439,0.0,0.14618363582606406,0.4159378017425468,0.4146550915337217,-1.0654759794740274,-0.1299673550747628,0.5796305467403194
2,oracle_counterfactual_map,0.453125,0.9622337985198454,1.0,0.7682291666666666,0.1640625,0.033854166666666664,0.21132937263927512,0.0,0.5094647337329253,0.0770554697804383,0.06577408770028174,0.14712152248584076,0.5474985598098054,0.3044668381062514
2,robust_mpc_affordance_planner,0.2682291666666667,0.912822647354517,0.0,0.0,0.24479166666666666,0.052083333333333336,0.30715265538484965,0.047999999999999994,0.3180787890089879,0.19831944059989906,0.25205980104339365,-0.2149679004360614,0.1465738737159068,0.40356303043170483
2,vlm_spatial_affordance,0.14583333333333334,0.9023580211103497,0.0,0.0,0.5234375,0.2760416666666667,0.46790436206590735,0.0,0.2384291045264096,0.37029020618229014,0.27129255533767155,-0.8988872201128019,-0.0026691106180160525,0.5503754070429225
3,active_view_affordance_probe,0.3072916666666667,0.95427885149256,0.7609427609427609,0.8560606060606061,0.2760416666666667,0.10416666666666667,0.3116067120632869,0.1656,0.2861489493968313,0.22075505472421283,0.2355555495361803,-0.2775254484443008,0.20474243942854123,0.3982439486176643
3,causal_counterfactual_affordance_planner_v5,0.34375,0.9534127728252939,1.0,0.7734375,0.3984375,0.1796875,0.35117692709364096,0.025600000000000008,0.3605845582073828,0.22078360214663303,0.22271711051906426,-0.41520584896554874,0.3408482204307477,0.4377010970016677
3,counterfactual_affordance_map_v4,0.265625,0.9440209817340232,0.7508417508417509,0.861003861003861,0.484375,0.23958333333333334,0.40110671234728473,0.025600000000000008,0.3001230591337018,0.2606274433492326,0.27003649306731753,-0.6639587819764327,0.19010247464577987,0.49696668056148385
3,diffusion_affordance_sampler,0.171875,0.9393985222757354,0.0,0.0,0.4479166666666667,0.21614583333333334,0.413358058645987,0.025600000000000008,0.39923676010560416,0.2856273712709044,0.31075206340861244,-0.7168055577188577,0.07683110085431498,0.5036449957164986
3,ensemble_uncertainty_affordance,0.1953125,0.9411182872472121,0.016835016835016835,1.0,0.4270833333333333,0.20572916666666666,0.40722166969356904,0.031200000000000002,0.390775723538396,0.2835589427583057,0.300437526549907,-0.6607993771188316,0.1212691556619423,0.45862066209089164
3,foundation_vlm_affordance,0.22916666666666666,0.9025151130161655,0.0,0.0,0.4869791666666667,0.28125,0.4443187899162678,0.0,0.32161027059386255,0.3486009618950141,0.23395402847100674,-0.7659189862747208,0.03423634495231224,0.5469476246690014
3,gaussian_grasp_map,0.14322916666666666,0.9448294580973494,0.0,0.0,0.515625,0.2682291666666667,0.4809809512140557,0.0,0.16983136527135723,0.3821442082705196,0.4081208038241475,-0.8967127075165057,-0.06374748650314012,0.5429009808644156
3,graph_conv_affordance,0.16666666666666666,0.9200106373394236,0.0,0.0,0.5104166666666666,0.2526041666666667,0.4719845595368202,0.0,0.20413887810110729,0.31072924095482096,0.3672895586905503,-0.847264191675774,-0.007243181205112566,0.5365644633354433
3,interactive_affordance_probe,0.3203125,0.926100731572954,0.8686868686868687,0.8295819935691319,0.21614583333333334,0.049479166666666664,0.2784206609921398,0.2216,0.28370403378681025,0.18154639283977783,0.23959509080215943,-0.14971417102783116,0.22533013361768997,0.367142144834996
3,multi_affordance_grasping,0.140625,0.9231553600498801,0.0,0.0,0.5208333333333334,0.234375,0.49726568035839985,0.0,0.35352586781575945,0.3833711429961431,0.38617767587496515,-0.8858463929175465,-0.07384861086856058,0.5582942625686512
3,observed_affordance_map,0.08072916666666667,0.9385207908868781,0.0,0.0,0.5859375,0.2994791666666667,0.5238510388931311,0.0,0.10626247960357012,0.4166557820963523,0.41358086581758896,-1.0845342688918584,-0.12890018597258276,0.5767651325190815
3,oracle_counterfactual_map,0.4713541666666667,0.9686905845884485,1.0,0.7734375,0.19791666666666666,0.041666666666666664,0.21333420398012093,0.0,0.47516244947137476,0.07403622475317699,0.06653988840682834,0.1268379322139154,0.5504401680291727,0.3061449695015374
3,robust_mpc_affordance_planner,0.2734375,0.9127659977761756,0.0,0.0,0.2265625,0.044270833333333336,0.308050797276662,0.047999999999999994,0.28334956389078153,0.19901979784795917,0.24894898147416286,-0.1864820164269967,0.14837097601130786,0.4006565105955881
3,vlm_spatial_affordance,0.15364583333333334,0.895446735389737,0.0,0.0,0.5442708333333334,0.2890625,0.4688090817319918,0.0,0.19576586048860034,0.3723126294142031,0.2693106825182796,-0.9219423988790609,-0.002130483606643916,0.5506477179800972
4,active_view_affordance_probe,0.296875,0.9450750908805072,0.7171052631578947,0.8449612403100775,0.2760416666666667,0.109375,0.31111645828697937,0.1656,0.3120786753417084,0.21926892595485234,0.23396065323576623,-0.2927031041342189,0.2055105850670177,0.39775908828665774
4,causal_counterfactual_affordance_planner_v5,0.296875,0.9400505531661791,1.0,0.7916666666666666,0.3880208333333333,0.20052083333333334,0.35194475593961716,0.025600000000000008,0.3865388620713843,0.21709355508541384,0.22101558949128952,-0.47371207915773206,0.3421066924733181,0.43880601417832327
4,counterfactual_affordance_map_v4,0.2708333333333333,0.9271580786936642,0.694078947368421,0.8406374501992032,0.4765625,0.2421875,0.4027037730247877,0.025600000000000008,0.3262426407574139,0.257927551460066,0.27024698791596896,-0.6547121411173514,0.1916084474257631,0.49166134490869745
4,diffusion_affordance_sampler,0.20572916666666666,0.9178477065825157,0.0,0.0,0.4375,0.1953125,0.41189231336355564,0.025600000000000008,0.3962556416924696,0.28759568028856025,0.31109858329556495,-0.6523159943544891,0.076068037353545,0.5037304282266635
4,ensemble_uncertainty_affordance,0.2421875,0.9217124844578503,0.009868421052631578,1.0,0.3854166666666667,0.1796875,0.40677139665322387,0.031200000000000002,0.3916476402995135,0.28101679476310015,0.30417876165405544,-0.5500154359905901,0.12078395943344676,0.4576477060722121
4,foundation_vlm_affordance,0.17708333333333334,0.8751569465938822,0.0,0.0,0.453125,0.23177083333333334,0.44806299680618683,0.0,0.3330858803730252,0.34845398627118956,0.23380336444566022,-0.748539931097664,0.03438714107018392,0.5464400906751415
4,gaussian_grasp_map,0.14583333333333334,0.8879281777686859,0.0,0.0,0.5338541666666666,0.2838541666666667,0.48456265701859386,0.0,0.19662698581005267,0.37747358363762923,0.4087010737052778,-0.9270063599130157,-0.06235614889600167,0.5393993804763606
4,graph_conv_affordance,0.171875,0.9026100562135292,0.0,0.0,0.5104166666666666,0.2734375,0.474471754978651,0.0,0.234357133085619,0.31008462817538057,0.3651744496212474,-0.861869811818389,-0.007215853472400301,0.5389896924948211
4,interactive_affordance_probe,0.296875,0.9197076628868144,0.8421052631578947,0.8126984126984127,0.22916666666666666,0.0703125,0.27718047753530867,0.2216,0.3095505227464048,0.17956525652792435,0.23672355213669113,-0.20376791760804938,0.22660965210280304,0.3665833152465363
4,multi_affordance_grasping,0.1484375,0.9151601419832344,0.0,0.0,0.515625,0.3020833333333333,0.4979169909028098,0.0,0.34482253671762275,0.38171983863091646,0.3842535235053446,-0.9328908519653002,-0.07267728569710773,0.5579116015417426
4,observed_affordance_map,0.059895833333333336,0.9024412652822762,0.0,0.0,0.5598958333333334,0.3229166666666667,0.5216703627232283,0.0,0.13582337850535017,0.4139328105623208,0.4132247860606652,-1.1015494622395932,-0.12805970295241823,0.5777383049990862
4,oracle_counterfactual_map,0.4817708333333333,0.9627633166038658,1.0,0.7916666666666666,0.17447916666666666,0.07291666666666667,0.21212519292913645,0.0,0.5014126953760959,0.07455847824715117,0.0677629930567712,0.13268423994960452,0.549926111455059,0.3063782428442737
4,robust_mpc_affordance_planner,0.23958333333333334,0.9315693067165588,0.0,0.0,0.20833333333333334,0.0546875,0.309162623381924,0.047999999999999994,0.30956735722807943,0.19928284533089094,0.24611089969168676,-0.21520300303401343,0.14868596292011005,0.4009470199560711
4,vlm_spatial_affordance,0.16145833333333334,0.8960531349096328,0.0,0.0,0.4947916666666667,0.3020833333333333,0.47394848664498546,0.0,0.23198867367484086,0.37010291413890517,0.2710329659565969,-0.8832743573181565,-0.0014802170879136068,0.5473898782024007
5,active_view_affordance_probe,0.2682291666666667,0.9442025080615155,0.6831683168316832,0.8589211618257261,0.3020833333333333,0.1171875,0.3098288259486213,0.1656,0.31755280177823403,0.22109166463330732,0.2360171465092892,-0.35271321983070153,0.2036735572330712,0.39830510749718523
5,causal_counterfactual_affordance_planner_v5,0.3619791666666667,0.9480741896015039,1.0,0.7890625,0.4010416666666667,0.1796875,0.3496201626369344,0.025600000000000008,0.39174686185211416,0.2141127672149474,0.2216640390949692,-0.3973713221791873,0.3419502961389595,0.4376956107399777
5,counterfactual_affordance_map_v4,0.2265625,0.9446885589700348,0.7062706270627063,0.8770491803278688,0.40625,0.24479166666666666,0.40214649363446914,0.025600000000000008,0.3298377491829783,0.261578298888444,0.27401039400330135,-0.638410587210795,0.18775804981689084,0.49463003962788293
5,diffusion_affordance_sampler,0.23697916666666666,0.930158427727358,0.0,0.0,0.4427083333333333,0.24479166666666666,0.41353646849548614,0.025600000000000008,0.4136298845346915,0.2866200223303292,0.31202381098614307,-0.6689877362801736,0.0753447181350436,0.5040779094002722
5,ensemble_uncertainty_affordance,0.20052083333333334,0.943797937139517,0.009900990099009901,1.0,0.3932291666666667,0.2265625,0.40464353812393855,0.031200000000000002,0.4263186794187518,0.28090182389152124,0.30702404496726465,-0.6407134350200903,0.11988443703615141,0.45614347979105574
5,foundation_vlm_affordance,0.20833333333333334,0.8798347482706365,0.0,0.0,0.4791666666666667,0.234375,0.4425510998861541,0.0,0.3510229041779614,0.3473992161075284,0.23764019280446633,-0.7381191032536413,0.03412958693487402,0.5429840887040921
5,gaussian_grasp_map,0.13802083333333334,0.9246602589358576,0.0,0.0,0.5026041666666666,0.3046875,0.48078151303392036,0.0,0.20114990606676852,0.378787268009466,0.4075963887321339,-0.9221460174570776,-0.06334723162557306,0.5434063153851831
5,graph_conv_affordance,0.16927083333333334,0.9231689774533429,0.0,0.0,0.5182291666666666,0.2838541666666667,0.4732133799551559,0.0,0.23287875353035598,0.3114750456524807,0.3649796358324526,-0.8800774909686092,-0.007423306271822305,0.5378766918955248
5,interactive_affordance_probe,0.28125,0.9302672393320895,0.8382838283828383,0.8410596026490066,0.24479166666666666,0.044270833333333336,0.279305480476105,0.2216,0.31519255780712463,0.181868189733566,0.24165449105034384,-0.21312000299994008,0.22349445007115723,0.36882002600362435
5,multi_affordance_grasping,0.1328125,0.9223070127277218,0.0,0.0,0.546875,0.3177083333333333,0.4953748037633819,0.0,0.33713344019282154,0.3801887709142377,0.38544125980344823,-0.9900175709677006,-0.07285445394028701,0.5598985567083649
5,observed_affordance_map,0.078125,0.8916490689892438,0.0,0.0,0.5729166666666666,0.2994791666666667,0.5207651089716531,0.0,0.1444035469326107,0.4131320117690271,0.4138344640802165,-1.0731293262801571,-0.1285052283599534,0.5793675097041131
5,oracle_counterfactual_map,0.4635416666666667,0.9626134329056867,1.0,0.7890625,0.17708333333333334,0.057291666666666664,0.21378688031298743,0.0,0.5064729769006786,0.07511092326351959,0.06714299179388729,0.12373460044757549,0.547871728857192,0.3088689578997846
5,robust_mpc_affordance_planner,0.3046875,0.926841266169403,0.0,0.0,0.22395833333333334,0.06770833333333333,0.309176639461822,0.047999999999999994,0.3148350350467721,0.19608961158555047,0.24629273474751198,-0.17268677262327536,0.1488510592535052,0.40280444851065617
5,vlm_spatial_affordance,0.15104166666666666,0.8745699251011209,0.0,0.0,0.5208333333333334,0.2708333333333333,0.4707469429490252,0.0,0.23176287275089372,0.3690670289125228,0.2711310418208455,-0.8884291100643177,-0.002639891598525839,0.5535211234715606
6,active_view_affordance_probe,0.265625,0.9155404533205844,0.6877076411960132,0.8483606557377049,0.2552083333333333,0.11458333333333333,0.309398131917584,0.1656,0.3123363403886916,0.22017094430360049,0.2354051836746147,-0.30972944234230876,0.2035006396540943,0.4007615438310399
6,causal_counterfactual_affordance_planner_v5,0.3203125,0.9404050947491382,1.0,0.7838541666666666,0.4140625,0.20833333333333334,0.351613308804083,0.025600000000000008,0.38703377568151504,0.2170010252592244,0.22318446348394896,-0.47970402449619143,0.33963076804089365,0.44089128786370796
6,counterfactual_affordance_map_v4,0.24739583333333334,0.9237105842763268,0.6810631229235881,0.8686440677966102,0.4140625,0.22395833333333334,0.40187725946278147,0.025600000000000008,0.3243586335332719,0.2612163259833081,0.2723832855776657,-0.6052012899572804,0.1879648891183879,0.49433229410287316
6,diffusion_affordance_sampler,0.2552083333333333,0.8887259713097663,0.0,0.0,0.4114583333333333,0.25,0.4118345082387871,0.025600000000000008,0.3713943717252603,0.28855124366499213,0.3094761822411996,-0.6244890724338176,0.07481860996725226,0.5050993693260148
6,ensemble_uncertainty_affordance,0.2421875,0.9082929631592446,0.009966777408637873,1.0,0.4036458333333333,0.203125,0.40604655525197425,0.031200000000000002,0.37806905724549666,0.2834751301645735,0.30536691989533377,-0.5869038803430487,0.11937872995399283,0.4552861736540235
6,foundation_vlm_affordance,0.18229166666666666,0.8494586883867418,0.0,0.0,0.484375,0.21875,0.44796429308428287,0.0,0.3318111071155836,0.34849259737553573,0.23790490984033633,-0.7602937551589979,0.03274276701701478,0.548860590561631
6,gaussian_grasp_map,0.13802083333333334,0.8873077293060014,0.0,0.0,0.515625,0.2604166666666667,0.4841188915638283,0.0,0.19688895244472307,0.3785970126536354,0.4118988527172977,-0.8975030157613465,-0.06353353767390382,0.5373306185604766
6,graph_conv_affordance,0.12239583333333333,0.8675392388742484,0.0,0.0,0.5026041666666666,0.23697916666666666,0.4739257117370232,0.0,0.2275739570485882,0.3113531151492161,0.3659964093384316,-0.8741698732159161,-0.008382563371187824,0.5390582419160365
6,interactive_affordance_probe,0.296875,0.9007412196516169,0.8338870431893688,0.847972972972973,0.20833333333333334,0.057291666666666664,0.2778659135811516,0.2216,0.30979572668039124,0.18164489367017603,0.24130084509550465,-0.17362272284013938,0.22406193586808423,0.3653992831457457
6,multi_affordance_grasping,0.1328125,0.906767922708924,0.0,0.0,0.5416666666666666,0.2916666666666667,0.49898920786707945,0.0,0.33818209197005134,0.38110226203759573,0.3865273983616513,-0.9648393205069556,-0.0730801310153995,0.5571999021678046
6,observed_affordance_map,0.11197916666666667,0.8677534637207335,0.0,0.0,0.5572916666666666,0.3151041666666667,0.522610957080493,0.0,0.12621515311826065,0.4138805960983654,0.4131594891760468,-1.0382495449563451,-0.12947348685695323,0.5819536294360539
6,oracle_counterfactual_map,0.46875,0.9451266632307894,1.0,0.7838541666666666,0.20052083333333334,0.0546875,0.21220990938894144,0.0,0.5013535281270707,0.0759390249025549,0.06910084832817376,0.11103639676107435,0.5475608918487472,0.3045372156917573
6,robust_mpc_affordance_planner,0.24739583333333334,0.8738597572104252,0.0,0.0,0.23958333333333334,0.08072916666666667,0.3088364701585065,0.047999999999999994,0.30998662237799374,0.19610316422638321,0.24672674571070655,-0.2584382374442879,0.1488516951577938,0.401274156388655
6,vlm_spatial_affordance,0.1953125,0.8527909901893167,0.0,0.0,0.5182291666666666,0.2734375,0.4702679566558892,0.0,0.22633365308839845,0.36969589239490386,0.2692189346019856,-0.8415052779924558,-0.0016623644064226808,0.550210736821995
7,active_view_affordance_probe,0.2734375,0.9346593883901035,0.7541528239202658,0.88671875,0.2838541666666667,0.11458333333333333,0.3115997336661543,0.1656,0.29142941652344917,0.22169767447361624,0.23492293952797016,-0.32942160523297465,0.2040584045495879,0.3980103915281988
7,causal_counterfactual_affordance_planner_v5,0.3619791666666667,0.9443360343311534,1.0,0.7838541666666666,0.3932291666666667,0.21354166666666666,0.35167020020282685,0.025600000000000008,0.3661549223808889,0.21546016628559753,0.2209186193725059,-0.4214105151419787,0.34225934996966706,0.43651170065021816
7,counterfactual_affordance_map_v4,0.2994791666666667,0.933875139585182,0.7242524916943521,0.889795918367347,0.4453125,0.21354166666666666,0.40109003686368006,0.025600000000000008,0.30429410338798,0.2613772441114821,0.2669419099663986,-0.5695460674712427,0.19064546318573972,0.49304698758663595
7,diffusion_affordance_sampler,0.20572916666666666,0.9256651298514186,0.0,0.0,0.4479166666666667,0.20052083333333334,0.41083147272448245,0.025600000000000008,0.39283842231967164,0.28875748472246165,0.30792874192432307,-0.6657400725738044,0.07543833010732845,0.5061816162528721
7,ensemble_uncertainty_affordance,0.1875,0.9369992955189943,0.016611295681063124,1.0,0.4322916666666667,0.2265625,0.4051215071100644,0.031200000000000002,0.3833531697539826,0.2823653892551354,0.2997918302896042,-0.6906573883103784,0.12159541302132999,0.45409647699022365
7,foundation_vlm_affordance,0.17447916666666666,0.8980593026677927,0.0,0.0,0.4791666666666667,0.28125,0.44472770070673634,0.0,0.33745033270796765,0.3471803073547115,0.23788643163111747,-0.8164395988280487,0.033760222915906385,0.5481141726491262
7,gaussian_grasp_map,0.12760416666666666,0.8848706702207527,0.0,0.0,0.5,0.2604166666666667,0.48228788723727467,0.0,0.17464240504130282,0.3793530152643349,0.4067214908670011,-0.892783812732759,-0.06284669809717103,0.541591642675966
7,graph_conv_affordance,0.16145833333333334,0.892528759476191,0.0,0.0,0.4947916666666667,0.2734375,0.4695264795987953,0.0,0.21130402041447993,0.3115990110929227,0.3630872424806144,-0.8549706190524899,-0.006609015704280327,0.5343258946148278
7,interactive_affordance_probe,0.2421875,0.9230405046886223,0.8970099667774086,0.8544303797468354,0.17447916666666666,0.0390625,0.2724836193016981,0.2216,0.2891185306006453,0.18037459781496432,0.23702489211184832,-0.18008949184452197,0.22624945725133508,0.3655477932212401
7,multi_affordance_grasping,0.125,0.9024541032828145,0.0,0.0,0.5390625,0.296875,0.4973683461847935,0.0,0.3577599885225714,0.3830292220302902,0.38229187797560904,-0.9740953423293554,-0.07299271524884433,0.558552010700563
7,observed_affordance_map,0.0859375,0.867088904213072,0.0,0.0,0.5729166666666666,0.3229166666666667,0.5205539492529626,0.0,0.11058898500501521,0.41753575426576967,0.4105621716623567,-1.0854033894770738,-0.1286844638795131,0.5785522136980275
7,oracle_counterfactual_map,0.453125,0.9628995431644242,1.0,0.7838541666666666,0.16145833333333334,0.052083333333333336,0.21199485179106894,0.0,0.48079611249936266,0.07410066603086754,0.06704041227350428,0.13300985374625177,0.5493229077895669,0.3052636678188899
7,robust_mpc_affordance_planner,0.2578125,0.9187900976453497,0.0,0.0,0.2552083333333333,0.06510416666666667,0.30804806266945,0.047999999999999994,0.28910327288731275,0.1977947797209442,0.24416052099209665,-0.2475738522019483,0.14925898712417143,0.4016230221020001
7,vlm_spatial_affordance,0.14322916666666666,0.8656292359772957,0.0,0.0,0.5078125,0.3020833333333333,0.47075580215170004,0.0,0.20457166594184423,0.3694010362848377,0.2646719472503116,-0.9121592698395234,-0.00037737679792834586,0.5496619143514303
8,active_view_affordance_probe,0.2578125,0.9232966615084885,0.7291666666666666,0.8502024291497976,0.2682291666666667,0.09895833333333333,0.30849609230312064,0.1656,0.36776247517169086,0.21928612610902642,0.23648802410988298,-0.3155303062788512,0.20322480937234458,0.40168411352026573
8,causal_counterfactual_affordance_planner_v5,0.3046875,0.9380019316800333,1.0,0.7539267015706806,0.3958333333333333,0.1796875,0.35232707988503,0.025600000000000008,0.44266025123913466,0.21647339882786157,0.22505882261298704,-0.45463074758618766,0.3388647793013068,0.44079144422667826
8,counterfactual_affordance_map_v4,0.23958333333333334,0.9108902489010576,0.6840277777777778,0.8491379310344828,0.4375,0.21875,0.40046993563263805,0.025600000000000008,0.38047019247764763,0.2592866607233878,0.27310819481183285,-0.6293984549428467,0.1881889676601635,0.49415077450909645
8,diffusion_affordance_sampler,0.20052083333333334,0.9121175163185794,0.0,0.0,0.4296875,0.21614583333333334,0.41254498016471125,0.025600000000000008,0.42149591610950005,0.2828215580106548,0.31261759993390764,-0.6693874444486312,0.07560978613610918,0.5045019403303117
8,ensemble_uncertainty_affordance,0.22916666666666666,0.918030367178677,0.010416666666666666,1.0,0.4244791666666667,0.17708333333333334,0.40833627591761473,0.031200000000000002,0.42002912531275804,0.2817230163168771,0.305796397824361,-0.598428559808997,0.11930600858815095,0.4577287176366447
8,foundation_vlm_affordance,0.21354166666666666,0.794674628444699,0.0,0.0,0.515625,0.2864583333333333,0.4448519916984724,0.0,0.35764178450505973,0.3451905411498646,0.23557962259458456,-0.813635977522264,0.034990967331350216,0.5457722276918539
8,gaussian_grasp_map,0.12239583333333333,0.8960350686349629,0.0,0.0,0.5364583333333334,0.3046875,0.48042081154801525,0.0,0.25220055857992874,0.37494742283315263,0.4137735975270746,-0.9694456097502773,-0.06360778433984009,0.5428630073785113
8,graph_conv_affordance,0.17708333333333334,0.8780478779813332,0.0,0.0,0.5104166666666666,0.2552083333333333,0.4700701302267687,0.0,0.2876858810572844,0.3096009228918299,0.36854042905149537,-0.8372782578254047,-0.007914867274448857,0.5378878127934147
8,interactive_affordance_probe,0.3177083333333333,0.9009288738216131,0.8368055555555556,0.8169491525423729,0.1953125,0.0234375,0.2771302664922237,0.2216,0.36554678872502094,0.17512316484724674,0.24148578910156435,-0.1094619365445566,0.22545955698790077,0.36671435561386856
8,multi_affordance_grasping,0.10416666666666667,0.9119793892275493,0.0,0.0,0.53125,0.2890625,0.4970019186403695,0.0,0.36482159524037083,0.3752146284627184,0.38964453084595935,-0.9816513430482586,-0.07324608389815172,0.5612782622153986
8,observed_affordance_map,0.07552083333333333,0.8692114748130338,0.0,0.0,0.5442708333333334,0.3125,0.5221858832477174,0.0,0.18690492362971814,0.4107647393740519,0.4196998406821251,-1.0619624099400689,-0.12995892873091386,0.5809481878974253
8,oracle_counterfactual_map,0.4661458333333333,0.9475108026730902,1.0,0.75,0.18489583333333334,0.0390625,0.21127727153208173,0.0,0.5578893670237899,0.07491376327686633,0.06792362091511857,0.13707986826087615,0.5471873822084783,0.30560176864292815
8,robust_mpc_affordance_planner,0.2604166666666667,0.8716724904744848,0.0,0.0,0.23697916666666666,0.044270833333333336,0.30715852390118004,0.047999999999999994,0.36559866299154015,0.19016751691857178,0.2508838897657774,-0.20911263339749264,0.1490241921282011,0.4024326233512488
8,vlm_spatial_affordance,0.16927083333333334,0.8255295672199968,0.0,0.0,0.5546875,0.2864583333333333,0.468817164949687,0.0,0.28420552221180184,0.36643060757610274,0.27060095831660885,-0.9128334737981142,-0.0013610734169200534,0.5501887200810899
9,active_view_affordance_probe,0.2890625,0.9428842658777109,0.7643312101910829,0.898876404494382,0.3151041666666667,0.09375,0.30880302603651616,0.1656,0.29134522238541727,0.22294386565764068,0.23923325242537405,-0.3214743265588947,0.20252360355375268,0.4039925518024112
9,causal_counterfactual_affordance_planner_v5,0.3411458333333333,0.9420973899855266,1.0,0.8177083333333334,0.4088541666666667,0.20052083333333334,0.35383553886434377,0.025600000000000008,0.36604320283382336,0.21908476240123487,0.22308519594677723,-0.4477179188717073,0.34157405130888535,0.43928609467087837
9,counterfactual_affordance_map_v4,0.2682291666666667,0.929192881441794,0.7547770700636943,0.8943396226415095,0.4635416666666667,0.2604166666666667,0.40282602553667574,0.025600000000000008,0.3032245146451857,0.2642454815773781,0.27631832050362604,-0.6615945928756729,0.18722625170264875,0.4975865724030187
9,diffusion_affordance_sampler,0.18489583333333334,0.9171706086827056,0.0,0.0,0.4036458333333333,0.20572916666666666,0.4111508026351456,0.025600000000000008,0.39884990248437324,0.2894740259036764,0.3097335406705772,-0.6516927701779353,0.07606943629909178,0.5035286677071787
9,ensemble_uncertainty_affordance,0.19791666666666666,0.9298820008261093,0.006369426751592357,1.0,0.4244791666666667,0.21614583333333334,0.4081156611546804,0.031200000000000002,0.38403010949114397,0.282873800723,0.3064081747001498,-0.6654616294749429,0.11978129667776723,0.45784882971670576
9,foundation_vlm_affordance,0.17708333333333334,0.8711998444599703,0.0,0.0,0.4583333333333333,0.2604166666666667,0.44405544764092264,0.0,0.3250523959972605,0.34691141268608594,0.24004185747218884,-0.7757346466819791,0.03397729599797467,0.5471055806783472
9,gaussian_grasp_map,0.12760416666666666,0.8957587979621278,0.0,0.0,0.5130208333333334,0.2864583333333333,0.48195184970338006,0.0,0.17429041991755714,0.37790292287607546,0.4138807499179349,-0.927444419792366,-0.06385448755557525,0.5403197649211328
9,graph_conv_affordance,0.171875,0.9174884616920227,0.0,0.0,0.5286458333333334,0.265625,0.4706679721959182,0.0,0.2128964266924945,0.31163083128228014,0.36924108825591323,-0.8691029972038095,-0.00790838691438256,0.5357313402776146
9,interactive_affordance_probe,0.2578125,0.9007611438400461,0.8662420382165605,0.8634920634920635,0.18489583333333334,0.0390625,0.27650167182398305,0.2216,0.2887992100092206,0.1800826316673304,0.24312279287749458,-0.1760792119434548,0.22504808310773128,0.3654122234500223
9,multi_affordance_grasping,0.11458333333333333,0.9058863691369554,0.0,0.0,0.5494791666666666,0.2916666666666667,0.498674450108366,0.0,0.3427942971423121,0.3808730620753864,0.3880808191452645,-0.9909471150758563,-0.07371251898475349,0.5591265461010487
9,observed_affordance_map,0.10677083333333333,0.8911160613776988,0.0,0.0,0.5494791666666666,0.2786458333333333,0.522848977951798,0.0,0.11991597987635678,0.4171282234334341,0.4167564623353104,-1.0046140762329252,-0.13024383502550196,0.5809636877675263
9,oracle_counterfactual_map,0.4166666666666667,0.9622893408879486,1.0,0.8177083333333334,0.18229166666666666,0.057291666666666664,0.21095621502600434,0.0,0.4803940988030921,0.0720228484891144,0.06733733867896032,0.07170564948179697,0.5514315418771737,0.3048310132095488
9,robust_mpc_affordance_planner,0.23697916666666666,0.9075378459718305,0.0,0.0,0.22916666666666666,0.046875,0.30656258340232134,0.047999999999999994,0.2883193385477272,0.1964521547006821,0.25089990432951464,-0.22840901671495825,0.14842651814610844,0.4026117390265078
9,vlm_spatial_affordance,0.18489583333333334,0.9098925999480216,0.0,0.0,0.5260416666666666,0.2682291666666667,0.46991892432343824,0.0,0.20788715787181752,0.3708072610537074,0.27038723345161747,-0.8548026220264068,-0.0015479109203902384,0.5512226521960474
